<?xml version="1.0" encoding="UTF-8"?>
<Configuration status="FATAL">
    <Properties>
        <!-- default value if no var env found-->
        <Property name="LOG_DIR">${sys:user.home}</Property>
    </Properties>
    <Appenders>
        <Console name="Console" target="SYSTEM_OUT" ignoreExceptions="true">
            <PatternLayout pattern="%style{%d{yyyy-MM-dd HH:mm:ss.SSS}}{dim} %highlight{%5p} %magenta{${sys:PID}} --- %style{[%15.15t]}{dim} %style{%-40.40c{1.}}{dim, cyan} %style{%X}{dim} %style{:}{dim} %msg%n" charset="UTF-8"> </PatternLayout>
        </Console>

        <RollingFile fileName="${env:LOG_DIR}/fft-log-${date:yyyy-MM-dd-hh}/${date:yyyy-MM-dd-hh}.log"
          filePattern="${env:LOG_DIR}/fft-log-${date:yyyy-MM-dd-hh}/fft-batch-log-%d{yyyy-MM-dd-hh}-%i.log"
          ignoreExceptions="false" name="RollingFile">
            <PatternLayout>
                <pattern>%d{HH:mm:ss.SSS} [%thread] %X %-5level %logger{36} - %msg%n</pattern>
            </PatternLayout>
            <Policies>
                <TimeBasedTriggeringPolicy/>  <!-- chaque jours -->
                <SizeBasedTriggeringPolicy size="30 MB"/>
            </Policies>
            <DefaultRolloverStrategy max="30"/>  <!-- supprimer fichier log apres 30 rolling -->
        </RollingFile>

        <Async name="AsyncFile">
            <AppenderRef ref="RollingFile"/>
        </Async>


        <!-- Conf syslog pour dga log-->
        <Syslog name="SyslogAppenderTcp" format="RFC5424" host="localhost" port="4504"
          protocol="TCP" mdcId="dgaCtx" appName="a5318_ffb" includeMDC="true" newLine="true" newLineEscape=" &#9;"
          messageId="Audit" enterpriseNumber="10" ignoreExceptions="false" immediateFlush="true"
          exceptionPattern="%ex{full}{separator( )}">
            <LoggerFields>
                <KeyValuePair key="msg-format" value="plain"/>
                <KeyValuePair key="package" value="%c{1.}"/>
                <KeyValuePair key="level" value="%level"/>
            </LoggerFields>
        </Syslog>


        <Failover name="SysLogFailoverTcp" primary="SyslogAppenderTcp" ignoreExceptions="true">
            <Failovers>
                <AppenderRef ref="RollingFile"/>
            </Failovers>
        </Failover>

        <Async name="AsyncTcpSyslog">
            <AppenderRef ref="SysLogFailoverTcp"/>
        </Async>

        <!-- Conf console pour dev local -->
        <Async name="AsyncConsole">
            <AppenderRef ref="Console" charset="UTF-8"/>
        </Async>
    </Appenders>
    <Loggers>
        <!--
            Pour changer le niveau, démarrer l'appli avec
            -Dlog.level=DEBUG pour changer le niveau root
            Si rien, par défaut INFO
        -->
        <Root level="${sys:log.level:-INFO}">
            <!--
                Démarrer l'appli avec
                -Dlog.appender=RollingFile pour une conf fichier seulement
                -Dlog.appender=Console pour une conf console seulement
                -Dlog.appender=SysLogFailoverTcp pour la conf syslog,
            Si rien, par défaut Console
            -->
            <AppenderRef ref="${sys:log.appender:-Console}"/>
            <AppenderRef ref="${sys:log.appender:-RollingFile}"/>
            <AppenderRef ref="${sys:log.appender:-SysLogFailoverTcp}"/>
        </Root>
    </Loggers>
</Configuration>
